Våglängd (nm);Intensitet Källa #2;;Namnlös.sp;;;Källa #2;
341,923;4,077;;2023-12-01 14:58:21;;Integreringstid;1000 ms;
342,302;4,053;;Analysera ljus;;Antal skanningar för medelvärde;1;
342,682;4,126;;;;Utjämning;0;
343,061;4,175
343,441;4,126
343,821;4,224
344,200;4,150
344,579;4,077
344,959;4,053
345,338;4,102
345,718;4,126
346,097;4,175
346,476;4,126
346,855;4,150
347,234;4,077
347,614;4,126
347,993;4,102
348,372;4,126
348,751;4,126
349,130;4,175
349,509;4,077
349,887;4,175
350,266;4,102
350,645;4,224
351,024;4,077
351,403;4,053
351,781;4,199
352,160;4,126
352,539;4,199
352,917;4,150
353,296;4,126
353,674;4,199
354,053;4,199
354,431;4,077
354,809;4,199
355,188;4,102
355,566;4,199
355,944;4,077
356,322;4,224
356,701;4,102
357,079;4,224
357,457;4,150
357,835;4,224
358,213;4,126
358,591;4,053
358,969;4,150
359,347;4,175
359,724;4,102
360,102;4,053
360,480;4,126
360,858;4,150
361,235;4,175
361,613;4,199
361,991;4,053
362,368;4,126
362,746;4,175
363,123;4,224
363,501;4,224
363,878;4,199
364,255;4,102
364,633;4,150
365,010;4,102
365,387;4,224
365,765;4,248
366,142;4,077
366,519;4,321
366,896;4,102
367,273;4,297
367,650;4,126
368,027;4,175
368,404;4,224
368,781;4,346
369,158;4,126
369,534;4,175
369,911;4,199
370,288;4,199
370,664;4,297
371,041;4,175
371,418;4,224
371,794;4,175
372,171;4,199
372,547;4,175
372,924;4,224
373,300;4,199
373,676;4,248
374,053;4,199
374,429;4,150
374,805;4,248
375,181;4,248
375,558;4,224
375,934;4,370
376,310;4,248
376,686;4,224
377,062;4,126
377,438;4,199
377,814;4,248
378,189;4,150
378,565;4,370
378,941;4,248
379,317;4,150
379,693;4,224
380,068;4,224
380,444;4,150
380,819;4,150
381,195;4,150
381,570;4,150
381,946;4,126
382,321;4,126
382,697;4,272
383,072;4,150
383,447;4,272
383,823;4,224
384,198;4,126
384,573;4,248
384,948;4,126
385,323;4,346
385,698;4,224
386,073;4,224
386,448;4,199
386,823;4,175
387,198;4,272
387,573;4,370
387,948;4,126
388,322;4,224
388,697;4,199
389,072;4,199
389,446;4,224
389,821;4,126
390,196;4,224
390,570;4,175
390,945;4,150
391,319;4,199
391,693;4,248
392,068;4,199
392,442;4,175
392,816;4,175
393,191;4,297
393,565;4,175
393,939;4,224
394,313;4,175
394,687;4,175
395,061;4,126
395,435;4,248
395,809;4,126
396,183;4,272
396,557;4,102
396,931;4,102
397,304;4,175
397,678;4,199
398,052;4,175
398,425;4,126
398,799;4,199
399,173;4,248
399,546;4,370
399,920;4,297
400,293;4,150
400,666;4,248
401,040;4,248
401,413;4,272
401,786;4,175
402,160;4,370
402,533;4,150
402,906;4,175
403,279;4,102
403,652;4,272
404,025;4,224
404,398;4,199
404,771;4,321
405,144;4,175
405,517;4,199
405,890;4,126
406,263;4,272
406,635;4,346
407,008;4,248
407,381;4,224
407,753;4,150
408,126;4,199
408,498;4,175
408,871;4,150
409,243;4,248
409,616;4,272
409,988;4,199
410,360;4,199
410,733;4,199
411,105;4,297
411,477;4,248
411,849;4,224
412,221;4,248
412,593;4,199
412,966;4,248
413,338;4,224
413,709;4,224
414,081;4,224
414,453;4,272
414,825;4,150
415,197;4,175
415,569;4,248
415,940;4,224
416,312;4,224
416,684;4,150
417,055;4,150
417,427;4,272
417,798;4,224
418,170;4,297
418,541;4,102
418,912;4,150
419,284;4,175
419,655;4,321
420,026;4,248
420,397;4,175
420,769;4,126
421,140;4,224
421,511;4,199
421,882;4,321
422,253;4,150
422,624;4,175
422,995;4,199
423,366;4,321
423,736;4,370
424,107;4,321
424,478;4,126
424,849;4,102
425,219;4,150
425,590;4,224
425,960;4,272
426,331;4,346
426,701;4,175
427,072;4,150
427,442;4,150
427,813;4,272
428,183;4,150
428,553;4,224
428,923;4,150
429,294;4,150
429,664;4,297
430,034;4,248
430,404;4,199
430,774;4,224
431,144;4,224
431,514;4,150
431,884;4,224
432,254;4,126
432,623;4,199
432,993;4,224
433,363;4,199
433,733;4,224
434,102;4,102
434,472;4,175
434,841;4,248
435,211;4,224
435,580;4,224
435,950;4,199
436,319;4,175
436,689;4,297
437,058;4,321
437,427;4,346
437,796;4,297
438,165;4,199
438,535;4,199
438,904;4,248
439,273;4,224
439,642;4,297
440,011;4,419
440,380;4,224
440,749;4,248
441,117;4,150
441,486;4,321
441,855;4,248
442,224;4,175
442,592;4,199
442,961;4,175
443,329;4,297
443,698;4,175
444,066;4,224
444,435;4,297
444,803;4,321
445,172;4,419
445,540;4,248
445,908;4,297
446,277;4,297
446,645;4,297
447,013;4,346
447,381;4,297
447,749;4,395
448,117;4,468
448,485;4,248
448,853;4,248
449,221;4,248
449,589;4,395
449,957;4,346
450,324;4,492
450,692;4,346
451,060;4,321
451,427;4,346
451,795;4,492
452,163;4,297
452,530;4,370
452,898;4,346
453,265;4,321
453,632;4,297
454,000;4,321
454,367;4,199
454,734;4,321
455,101;4,297
455,469;4,272
455,836;4,395
456,203;4,395
456,570;4,419
456,937;4,395
457,304;4,419
457,671;4,419
458,038;4,395
458,404;4,321
458,771;4,492
459,138;4,443
459,505;4,321
459,871;4,492
460,238;4,370
460,605;4,443
460,971;4,492
461,338;4,565
461,704;4,395
462,070;4,321
462,437;4,346
462,803;4,419
463,169;4,492
463,536;4,419
463,902;4,541
464,268;4,541
464,634;4,419
465,000;4,443
465,366;4,565
465,732;4,492
466,098;4,443
466,464;4,492
466,830;4,468
467,195;4,468
467,561;4,565
467,927;4,468
468,292;4,517
468,658;4,541
469,024;4,614
469,389;4,370
469,755;4,492
470,120;4,492
470,486;4,541
470,851;4,492
471,216;4,419
471,581;4,517
471,947;4,663
472,312;4,492
472,677;4,492
473,042;4,468
473,407;4,468
473,772;4,541
474,137;4,541
474,502;4,517
474,867;4,614
475,232;4,565
475,597;4,614
475,961;4,614
476,326;4,517
476,691;4,492
477,055;4,468
477,420;4,492
477,784;4,761
478,149;4,541
478,513;4,565
478,878;4,639
479,242;4,663
479,606;4,541
479,971;5,054
480,335;4,565
480,699;4,590
481,063;4,541
481,427;4,590
481,791;4,614
482,155;4,541
482,519;4,541
482,883;4,541
483,247;4,443
483,611;4,541
483,975;4,712
484,339;4,541
484,702;4,419
485,066;4,541
485,430;4,443
485,793;4,492
486,157;4,492
486,520;4,492
486,884;4,468
487,247;4,614
487,610;4,443
487,974;4,370
488,337;4,639
488,700;4,419
489,063;4,443
489,426;4,443
489,789;4,346
490,153;4,395
490,516;4,370
490,878;4,419
491,241;4,468
491,604;4,370
491,967;4,321
492,330;4,346
492,693;4,419
493,055;4,370
493,418;4,443
493,781;4,346
494,143;4,541
494,506;4,297
494,868;4,443
495,231;4,395
495,593;4,419
495,955;4,346
496,318;4,370
496,680;4,370
497,042;4,321
497,404;4,370
497,766;4,395
498,128;4,297
498,490;4,346
498,852;4,468
499,214;4,248
499,576;4,346
499,938;4,272
500,300;4,297
500,662;4,297
501,023;4,272
501,385;4,272
501,747;4,297
502,108;4,297
502,470;4,297
502,831;4,248
503,193;4,224
503,554;4,346
503,916;4,297
504,277;4,272
504,638;4,272
504,999;4,297
505,361;4,370
505,722;4,297
506,083;4,224
506,444;4,272
506,805;4,224
507,166;4,346
507,527;4,297
507,888;4,297
508,248;4,297
508,609;4,175
508,970;4,272
509,331;4,321
509,691;4,321
510,052;4,297
510,413;4,297
510,773;4,297
511,134;4,224
511,494;4,175
511,854;4,297
512,215;4,248
512,575;4,224
512,935;4,199
513,295;4,224
513,656;4,395
514,016;4,175
514,376;4,346
514,736;4,272
515,096;4,248
515,456;4,297
515,816;4,297
516,176;4,321
516,535;4,224
516,895;4,346
517,255;4,272
517,615;4,248
517,974;4,248
518,334;4,321
518,693;4,248
519,053;4,370
519,412;4,248
519,772;4,248
520,131;4,175
520,490;4,297
520,850;4,395
521,209;4,224
521,568;4,224
521,927;4,224
522,286;4,248
522,645;4,272
523,004;4,346
523,363;4,492
523,722;4,199
524,081;4,272
524,440;4,370
524,799;4,297
525,157;4,297
525,516;4,199
525,875;4,419
526,233;4,297
526,592;4,346
526,950;4,175
527,309;4,199
527,667;4,199
528,026;4,224
528,384;4,224
528,742;4,224
529,100;4,272
529,459;4,370
529,817;4,272
530,175;4,248
530,533;4,199
530,891;4,199
531,249;4,248
531,607;4,248
531,965;4,175
532,323;4,199
532,680;4,272
533,038;4,956
533,396;4,150
533,753;4,346
534,111;4,321
534,469;4,248
534,826;4,224
535,184;4,248
535,541;4,175
535,898;4,199
536,256;4,297
536,613;4,272
536,970;4,150
537,327;4,224
537,685;4,175
538,042;4,272
538,399;4,248
538,756;4,224
539,113;4,199
539,470;4,199
539,827;4,224
540,183;4,248
540,540;4,175
540,897;4,272
541,254;4,224
541,610;4,224
541,967;4,199
542,323;4,272
542,680;4,297
543,036;4,272
543,393;4,321
543,749;4,297
544,106;4,272
544,462;4,346
544,818;4,175
545,174;4,346
545,530;4,272
545,887;4,199
546,243;4,199
546,599;4,224
546,955;4,224
547,310;4,272
547,666;4,224
548,022;4,224
548,378;4,297
548,734;4,297
549,089;4,272
549,445;4,224
549,801;4,199
550,156;4,297
550,512;4,224
550,867;4,395
551,223;4,395
551,578;4,468
551,933;4,224
552,289;4,248
552,644;4,321
552,999;4,517
553,354;4,346
553,709;4,346
554,064;4,346
554,419;4,419
554,774;4,346
555,129;4,321
555,484;4,321
555,839;4,346
556,194;4,346
556,548;4,346
556,903;4,419
557,258;4,468
557,612;4,321
557,967;4,321
558,321;4,321
558,676;4,517
559,030;4,370
559,385;4,370
559,739;4,346
560,093;4,346
560,447;4,248
560,802;4,468
561,156;4,395
561,510;4,492
561,864;4,248
562,218;4,492
562,572;4,346
562,926;4,443
563,280;4,395
563,633;4,517
563,987;4,419
564,341;4,492
564,695;4,614
565,048;4,541
565,402;4,468
565,755;4,468
566,109;4,541
566,462;4,443
566,816;4,395
567,169;4,565
567,522;4,541
567,876;4,565
568,229;4,639
568,582;4,663
568,935;4,614
569,288;4,590
569,641;4,639
569,994;4,687
570,347;4,687
570,700;4,785
571,053;4,736
571,406;4,907
571,758;7,690
572,111;4,980
572,464;4,980
572,816;4,956
573,169;4,980
573,521;5,103
573,874;5,103
574,226;5,225
574,579;5,249
574,931;5,249
575,283;5,273
575,636;5,518
575,988;5,566
576,340;5,688
576,692;5,737
577,044;5,811
577,396;5,493
577,748;5,859
578,100;6,006
578,452;6,152
578,804;6,226
579,155;6,592
579,507;6,714
579,859;6,592
580,210;6,836
580,562;7,031
580,914;7,324
581,265;7,446
581,617;7,739
581,968;7,910
582,319;8,130
582,671;8,301
583,022;8,545
583,373;8,911
583,724;8,984
584,075;9,424
584,426;9,668
584,777;9,985
585,128;10,132
585,479;10,352
585,830;10,913
586,181;11,230
586,532;11,621
586,883;12,036
587,233;12,402
587,584;12,891
587,935;13,306
588,285;13,794
588,636;14,160
588,986;14,722
589,337;15,356
589,687;15,918
590,037;16,260
590,387;16,992
590,738;17,480
591,088;18,066
591,438;18,799
591,788;19,238
592,138;20,044
592,488;20,703
592,838;21,338
593,188;21,997
593,538;22,583
593,888;23,389
594,237;24,365
594,587;24,805
594,937;26,025
595,286;26,514
595,636;27,222
595,986;28,052
596,335;28,662
596,684;29,272
597,034;30,713
597,383;30,859
597,732;31,860
598,082;32,446
598,431;32,764
598,780;34,180
599,129;34,766
599,478;35,156
599,827;35,791
600,176;36,182
600,525;36,719
600,874;37,036
601,223;37,671
601,571;38,330
601,920;38,354
602,269;38,599
602,618;39,355
602,966;39,478
603,315;39,551
603,663;39,575
604,012;39,355
604,360;39,771
604,708;39,697
605,057;39,429
605,405;39,502
605,753;38,550
606,101;38,989
606,449;38,232
606,797;37,891
607,145;37,793
607,493;37,109
607,841;37,183
608,189;36,694
608,537;36,084
608,885;35,522
609,232;34,717
609,580;34,033
609,928;33,984
610,275;32,617
610,623;32,129
610,970;31,934
611,318;30,566
611,665;30,225
612,013;29,297
612,360;28,906
612,707;28,076
613,054;27,295
613,401;26,660
613,749;26,074
614,096;25,342
614,443;24,756
614,790;23,926
615,136;23,022
615,483;22,412
615,830;21,802
616,177;21,289
616,524;20,776
616,870;20,093
617,217;19,678
617,564;19,214
617,910;18,384
618,257;17,798
618,603;17,310
618,949;16,650
619,296;16,211
619,642;15,991
619,988;15,283
620,334;14,819
620,681;14,526
621,027;14,111
621,373;13,550
621,719;13,184
622,065;12,964
622,411;12,695
622,757;12,134
623,102;11,670
623,448;11,450
623,794;10,986
624,140;10,938
624,485;10,669
624,831;10,352
625,176;9,985
625,522;9,644
625,867;9,253
626,213;9,155
626,558;8,887
626,903;8,813
627,248;8,496
627,594;8,276
627,939;8,301
628,284;8,130
628,629;7,861
628,974;7,642
629,319;7,690
629,664;7,471
630,009;7,520
630,353;7,056
630,698;6,909
631,043;6,812
631,388;6,787
631,732;6,543
632,077;6,470
632,421;6,519
632,766;6,177
633,110;6,177
633,455;6,104
633,799;5,859
634,143;5,859
634,487;5,908
634,832;5,811
635,176;5,762
635,520;5,688
635,864;5,469
636,208;5,615
636,552;5,273
636,896;5,322
637,239;5,298
637,583;5,396
637,927;5,127
638,271;5,005
638,614;5,054
638,958;5,078
639,301;5,005
639,645;4,932
639,988;4,883
640,332;4,858
640,675;4,810
641,018;4,883
641,362;4,883
641,705;5,078
642,048;4,712
642,391;4,687
642,734;4,761
643,077;4,639
643,420;4,687
643,763;4,687
644,106;4,663
644,449;4,687
644,792;4,590
645,134;4,492
645,477;4,517
645,820;4,614
646,162;4,492
646,505;4,541
646,847;4,565
647,190;4,370
647,532;4,370
647,874;4,517
648,217;4,419
648,559;4,492
648,901;4,395
649,243;4,517
649,585;4,419
649,927;4,468
650,269;4,395
650,611;4,370
650,953;4,419
651,295;4,395
651,637;4,248
651,979;4,370
652,320;4,395
652,662;4,321
653,004;4,370
653,345;4,443
653,687;4,297
654,028;4,395
654,370;4,321
654,711;4,346
655,052;4,297
655,394;4,321
655,735;4,248
656,076;4,224
656,417;4,492
656,758;4,199
657,099;4,321
657,440;4,248
657,781;4,272
658,122;4,297
658,463;4,199
658,803;4,224
659,144;4,321
659,485;4,199
659,825;4,150
660,166;4,248
660,507;4,248
660,847;4,224
661,187;4,297
661,528;4,321
661,868;4,224
662,208;4,272
662,549;4,248
662,889;4,175
663,229;4,199
663,569;4,175
663,909;4,150
664,249;4,175
664,589;4,224
664,929;4,224
665,269;4,248
665,609;4,199
665,948;4,126
666,288;4,248
666,628;4,224
666,967;4,175
667,307;4,346
667,646;4,272
667,986;4,175
668,325;4,248
668,664;4,199
669,004;4,199
669,343;4,102
669,682;4,224
670,021;4,199
670,360;4,224
670,699;4,199
671,038;4,224
671,377;4,150
671,716;4,248
672,055;4,248
672,394;4,346
672,733;4,370
673,071;4,224
673,410;4,175
673,749;4,150
674,087;4,175
674,426;4,199
674,764;4,224
675,103;4,224
675,441;4,102
675,779;4,175
676,117;4,248
676,456;4,150
676,794;4,346
677,132;4,126
677,470;4,248
677,808;4,321
678,146;4,126
678,484;4,150
678,822;4,224
679,160;4,248
679,497;4,150
679,835;4,150
680,173;4,175
680,510;4,199
680,848;4,175
681,185;4,102
681,523;4,199
681,860;4,150
682,198;4,248
682,535;4,199
682,872;4,077
683,209;4,224
683,547;4,199
683,884;4,321
684,221;4,248
684,558;4,175
684,895;4,297
685,232;4,150
685,568;4,175
685,905;4,102
686,242;4,102
686,579;4,224
686,915;4,224
687,252;4,199
687,589;4,126
687,925;4,248
688,262;4,126
688,598;4,248
688,934;4,053
689,271;4,150
689,607;4,150
689,943;4,150
690,279;4,150
690,615;4,199
690,951;4,126
691,287;4,297
691,623;4,126
691,959;4,639
692,295;4,248
692,631;4,150
692,967;4,297
693,302;4,199
693,638;4,150
693,974;4,199
694,309;4,102
694,645;4,053
694,980;4,175
695,316;4,102
695,651;4,175
695,986;4,126
696,322;4,272
696,657;4,175
696,992;4,199
697,327;4,199
697,662;4,150
697,997;4,077
698,332;4,175
698,667;4,224
699,002;4,199
699,337;4,150
699,671;4,224
700,006;4,150
700,341;4,077
700,675;4,224
701,010;4,102
701,344;4,077
701,679;4,150
702,013;4,102
702,348;4,053
702,682;4,150
703,016;4,248
703,350;4,126
703,685;4,150
704,019;4,150
704,353;4,224
704,687;4,224
705,021;4,150
705,355;4,102
705,688;4,150
706,022;4,980
706,356;4,175
706,690;4,199
707,023;4,126
707,357;4,224
707,690;4,077
708,024;4,126
708,357;4,102
708,691;4,199
709,024;4,077
709,357;4,175
709,691;4,419
710,024;4,053
710,357;4,175
710,690;4,248
711,023;4,077
711,356;4,102
711,689;4,175
712,022;4,199
712,355;4,077
712,688;4,126
713,020;4,224
713,353;4,175
713,686;4,126
714,018;4,175
714,351;4,126
714,683;4,150
715,016;4,150
715,348;4,126
715,680;4,224
716,013;4,199
716,345;4,150
716,677;4,126
717,009;4,224
717,341;4,224
717,673;4,248
718,005;4,126
718,337;4,150
718,669;4,053
719,001;4,199
719,333;4,199
719,664;4,346
719,996;4,077
720,328;4,004
720,659;4,126
720,991;4,175
721,322;4,126
721,654;4,126
721,985;4,077
722,316;4,102
722,647;4,199
722,979;4,175
723,310;4,346
723,641;4,224
723,972;4,199
724,303;4,150
724,634;4,199
724,965;4,175
725,296;4,248
725,626;4,175
725,957;4,248
726,288;4,126
726,619;4,102
726,949;4,150
727,280;4,248
727,610;4,126
727,941;4,248
728,271;4,077
728,601;4,175
728,932;4,126
729,262;4,150
729,592;4,126
729,922;4,150
730,252;4,321
730,582;4,150
730,912;4,053
731,242;4,126
731,572;4,150
731,902;4,248
732,232;4,175
732,561;4,199
732,891;4,126
733,221;4,102
733,550;4,053
733,880;4,077
734,209;4,053
734,539;4,175
734,868;4,102
735,197;4,077
735,526;4,224
735,856;4,224
736,185;4,102
736,514;4,175
736,843;4,102
737,172;4,126
737,501;4,053
737,830;4,199
738,159;4,175
738,487;4,199
738,816;4,199
739,145;4,150
739,473;4,150
739,802;4,102
740,131;4,224
740,459;4,224
740,788;4,224
741,116;4,102
741,444;4,272
741,772;4,224
742,101;4,102
742,429;4,150
742,757;4,126
743,085;4,175
743,413;4,224
743,741;4,346
744,069;4,126
744,397;4,126
744,725;4,199
745,052;4,102
745,380;4,102
745,708;4,126
746,035;4,224
746,363;4,175
746,690;4,102
747,018;4,126
747,345;4,224
747,673;4,199
748,000;4,224
748,327;4,150
748,654;4,272
748,981;4,175
749,309;4,053
749,636;4,175
749,963;4,175
750,289;4,102
750,616;4,224
750,943;4,199
751,270;4,224
751,597;4,102
751,923;4,053
752,250;4,102
752,576;4,102
752,903;4,419
753,229;4,102
753,556;4,150
753,882;4,199
754,208;4,199
754,535;4,248
754,861;4,126
755,187;4,175
755,513;4,126
755,839;4,175
756,165;4,028
756,491;4,199
756,817;4,224
757,143;4,126
757,469;4,199
757,794;4,102
758,120;4,248
758,446;4,077
758,771;4,199
759,097;4,126
759,422;4,102
759,748;4,126
760,073;4,175
760,398;4,126
760,724;4,102
761,049;4,077
761,374;4,224
761,699;4,053
762,024;4,248
762,349;4,126
762,674;4,248
762,999;4,077
763,324;4,126
763,649;4,199
763,973;4,272
764,298;4,150
764,623;4,126
764,947;4,199
765,272;4,224
765,596;4,126
765,921;4,224
766,245;4,126
766,569;4,150
766,893;4,150
767,218;4,150
767,542;4,199
767,866;4,126
768,190;4,175
768,514;4,150
768,838;4,102
769,162;4,077
769,486;4,224
769,809;4,395
770,133;4,199
770,457;4,272
770,780;4,077
771,104;4,175
771,428;4,126
771,751;4,102
772,074;4,150
772,398;4,077
772,721;4,199
773,044;4,102
773,368;4,224
773,691;4,126
774,014;4,175
774,337;4,248
774,660;4,102
774,983;4,126
775,306;4,175
775,629;4,150
775,951;4,077
776,274;3,809
776,597;4,175
776,919;4,272
777,242;4,053
777,565;4,126
777,887;4,126
778,209;4,175
778,532;4,126
778,854;4,272
779,176;4,175
779,499;4,297
779,821;4,150
780,143;4,126
780,465;4,199
780,787;4,175
781,109;4,077
781,431;4,102
781,752;4,175
782,074;4,297
782,396;4,053
782,718;4,150
783,039;4,248
783,361;4,248
783,682;4,126
784,004;4,102
784,325;4,077
784,647;4,102
784,968;4,224
785,289;4,077
785,610;4,126
785,931;4,102
786,253;4,102
786,574;4,199
786,895;4,102
787,215;4,199
787,536;4,126
787,857;4,175
788,178;4,297
788,499;4,224
788,819;4,102
789,140;4,321
789,460;4,102
789,781;4,077
790,101;4,126
790,422;4,150
790,742;4,224
791,062;4,102
791,383;4,150
791,703;4,053
792,023;4,053
792,343;4,126
792,663;4,175
792,983;4,199
793,303;4,077
793,623;4,150
793,943;4,150
794,262;4,199
794,582;4,150
794,902;4,175
795,221;4,175
795,541;4,224
795,860;4,224
796,180;4,102
796,499;4,102
796,819;4,126
797,138;4,077
797,457;4,175
797,776;4,150
798,095;4,102
798,414;4,077
798,733;4,126
799,052;4,126
799,371;4,004
799,690;4,199
800,009;4,224
800,328;4,150
800,646;4,248
800,965;4,102
801,283;4,102
801,602;4,102
801,920;4,053
802,239;4,150
802,557;4,126
802,876;4,199
803,194;4,126
803,512;4,126
803,830;4,224
804,148;4,150
804,466;4,175
804,784;4,102
805,102;4,102
805,420;4,077
805,738;4,175
806,056;4,199
806,373;4,102
806,691;4,248
807,009;4,077
807,326;4,248
807,644;4,175
807,961;4,175
808,279;4,077
808,596;4,199
808,913;4,150
809,230;4,150
809,548;4,175
809,865;4,077
810,182;4,224
810,499;4,102
810,816;4,224
811,133;4,102
811,449;4,102
811,766;4,126
812,083;4,150
812,400;4,126
812,716;4,175
813,033;4,102
813,349;4,077
813,666;4,126
813,982;4,126
814,299;4,102
814,615;4,175
814,931;4,248
815,248;4,126
815,564;4,102
815,880;4,004
816,196;4,077
816,512;4,199
816,828;4,199
817,144;4,150
817,459;4,199
817,775;4,126
818,091;4,199
818,407;4,126
818,722;4,175
819,038;4,199
819,353;4,150
819,669;4,150
819,984;4,004
820,299;4,224
820,615;4,126
820,930;4,077
821,245;4,175
821,560;4,175
821,875;4,175
822,190;4,297
822,505;4,150
822,820;4,199
823,135;4,077
823,450;4,370
823,764;4,199
824,079;4,077
824,394;4,321
824,708;4,150
825,023;4,126
825,337;4,175
825,652;4,150
825,966;4,199
826,280;4,150
826,595;4,126
826,909;4,175
827,223;4,102
827,537;4,053
827,851;4,199
828,165;4,150
828,479;4,224
828,793;4,199
829,107;4,150
829,420;4,102
829,734;4,199
830,048;4,126
830,361;4,102
830,675;4,199
830,988;4,321
831,302;4,150
831,615;4,102
831,929;4,199
832,242;4,175
832,555;4,126
832,868;4,102
833,181;4,199
833,494;4,102
833,807;4,346
834,120;4,248
834,433;4,150
834,746;4,126
835,059;4,199
835,371;4,028
835,684;4,102
835,997;4,053
836,309;4,102
836,622;4,102
836,934;4,150
837,247;4,102
837,559;4,150
837,871;4,150
838,183;4,126
838,496;4,175
838,808;4,102
839,120;4,175
839,432;4,175
839,744;4,321
840,056;4,224
840,367;4,297
840,679;4,102
840,991;4,443
841,303;4,126
841,614;4,126
841,926;4,199
842,237;4,053
842,549;4,126
842,860;4,224
843,171;4,199
843,483;4,224
843,794;4,224
844,105;4,077
844,416;4,077
844,727;4,199
845,038;4,126
845,349;4,175
845,660;4,150
845,971;4,102
846,282;4,248
846,593;4,199
846,903;4,077
847,214;4,150
847,524;4,272
847,835;4,175
848,145;4,126
848,456;4,224
848,766;4,297
849,076;4,077
849,387;4,028
849,697;4,053
850,007;4,175
850,317;4,199
850,627;4,224
850,937;4,077
851,247;4,126
851,557;4,077
851,867;4,175
852,176;4,175
852,486;4,102
852,796;4,199
853,105;4,126
853,415;4,199
853,724;4,053
854,034;4,102
854,343;4,199
854,652;4,102
854,961;4,126
855,271;4,150
855,580;4,175
855,889;4,053
856,198;4,126
856,507;4,102
856,816;4,175
857,125;4,150
857,433;4,272
857,742;4,150
858,051;4,248
858,359;4,077
858,668;4,150
858,976;4,126
859,285;4,175
859,593;4,224
859,902;4,224
860,210;4,053
860,518;4,175
860,826;4,126
861,134;4,126
861,443;4,028
861,751;4,053
862,059;4,126
862,366;4,102
862,674;4,102
862,982;4,126
863,290;4,224
863,597;4,126
863,905;4,175
864,213;4,028
864,520;4,126
864,828;4,199
865,135;4,175
865,442;4,248
865,750;4,199
866,057;4,199
866,364;4,150
866,671;4,199
866,978;4,272
867,285;4,150
867,592;4,150
867,899;4,126
868,206;4,272
868,513;4,077
868,819;4,175
869,126;4,175
869,433;4,126
869,739;4,150
870,046;4,150
870,352;4,199
870,659;4,224
870,965;4,150
871,271;4,175
871,578;4,199
871,884;4,102
872,190;4,126
872,496;4,077
872,802;4,077
873,108;4,150
873,414;4,175
873,720;4,150
874,025;4,102
874,331;4,224
874,637;4,102
874,942;4,028
875,248;4,102
875,553;4,126
875,859;4,150
876,164;4,150
876,469;4,102
876,775;4,224
877,080;4,102
877,385;4,297
877,690;4,492
877,995;4,150
878,300;4,150
878,605;4,150
878,910;4,077
879,215;4,199
879,520;3,979
879,824;4,150
880,129;4,126
880,434;4,077
880,738;4,150
881,043;4,224
881,347;4,175
881,651;4,150
881,956;4,150
882,260;4,175
882,564;4,102
882,868;4,053
883,172;4,150
883,476;4,150
883,780;4,346
884,084;4,102
884,388;4,346
884,692;4,370
884,996;4,248
885,299;4,126
885,603;4,102
885,907;4,102
886,210;4,321
886,514;4,248
886,817;4,150
887,120;4,175
887,424;4,224
887,727;4,150
888,030;4,150
888,333;4,126
888,636;4,126
888,939;4,150
889,242;4,224
889,545;4,004
889,848;4,102
890,151;4,150
890,453;4,102
890,756;4,126
891,059;4,102
891,361;4,150
891,664;4,126
891,966;4,150
892,269;4,272
892,571;4,199
892,873;4,028
893,175;4,102
893,478;4,175
893,780;4,175
894,082;4,175
894,384;4,126
894,686;4,126
894,987;4,102
895,289;4,224
895,591;4,199
895,893;4,102
896,194;4,199
896,496;4,248
896,798;4,028
897,099;4,077
897,400;4,126
897,702;4,126
898,003;4,077
898,304;4,102
898,606;4,102
898,907;4,053
899,208;4,175
899,509;4,150
899,810;4,297
900,111;4,150
900,411;4,077
900,712;4,175
901,013;4,126
901,314;4,102
901,614;4,102
901,915;4,175
902,215;4,150
902,516;4,272
902,816;4,077
903,116;4,175
903,417;4,175
903,717;4,053
904,017;4,150
904,317;4,126
904,617;4,297
904,917;4,150
905,217;4,199
905,517;4,224
905,817;4,224
906,117;4,077
906,416;4,175
906,716;4,175
907,016;4,150
907,315;4,102
907,615;4,102
907,914;4,102
908,213;4,028
908,513;4,102
908,812;4,175
909,111;4,248
909,410;4,102
909,709;4,248
910,008;4,272
910,307;4,102
910,606;4,004
910,905;4,102
911,204;4,248
911,502;4,102
911,801;4,102
912,100;4,102
912,398;4,248
912,697;4,126
912,995;4,102
913,294;4,224
913,592;4,102
913,890;4,126
914,188;4,150
914,487;4,224
914,785;4,297
915,083;4,126
915,381;4,199
915,679;4,321
915,976;4,102
916,274;4,077
916,572;4,175
916,870;4,175
917,167;4,102
917,465;4,199
917,762;4,199
918,060;4,126
918,357;4,102
918,655;4,175
918,952;4,126
919,249;4,102
919,546;4,199
919,843;4,199
920,140;4,150
920,437;4,102
920,734;4,150
921,031;4,004
921,328;4,077
921,625;4,102
921,922;4,077
922,218;4,077
922,515;4,199
922,811;4,199
923,108;4,175
923,404;4,077
923,701;4,199
923,997;4,102
924,293;4,248
924,589;4,077
924,885;4,199
925,182;4,175
925,478;4,297
925,773;4,175
926,069;4,102
926,365;4,224
926,661;4,199
926,957;4,126
927,252;4,102
927,548;4,272
927,844;4,150
928,139;4,248
928,434;4,248
928,730;4,224
929,025;4,175
929,320;4,150
929,616;4,053
929,911;4,248
930,206;4,077
930,501;4,126
930,796;4,175
931,091;4,199
931,386;4,102
931,680;4,053
931,975;4,102
932,270;4,150
932,564;4,150
932,859;4,126
933,153;4,150
933,448;4,175
933,742;4,126
934,037;4,175
934,331;4,150
934,625;4,272
934,919;4,102
935,213;4,224
935,507;4,126
935,801;4,199
936,095;4,175
936,389;4,077
936,683;4,175
936,977;4,102
937,270;4,175
937,564;4,175
937,857;4,150
938,151;4,053
938,444;4,126
938,738;4,126
939,031;4,077
939,324;4,199
939,618;4,224
939,911;4,150
940,204;4,126
940,497;4,126
940,790;4,150
941,083;4,175
941,376;4,077
941,668;4,346
941,961;4,199
942,254;4,150
942,546;4,102
942,839;4,053
943,132;4,126
943,424;4,102
943,716;4,102
944,009;4,199
944,301;4,150
944,593;4,150
944,885;4,224
945,177;4,150
945,470;4,102
945,762;4,077
946,053;4,102
946,345;4,175
946,637;4,126
946,929;4,199
947,221;4,126
947,512;4,077
947,804;4,102
948,095;4,199
948,387;4,175
948,678;4,224
948,969;4,150
949,261;4,272
949,552;4,175
949,843;4,077
950,134;4,199
950,425;4,102
950,716;4,077
951,007;4,102
951,298;4,248
951,589;4,224
951,880;4,175
952,170;4,053
952,461;4,199
952,751;4,175
953,042;4,102
953,332;4,077
953,623;4,199
953,913;4,053
954,203;4,126
954,494;4,077
954,784;4,077
955,074;4,077
955,364;4,150
955,654;4,150
955,944;4,150
956,234;4,126
956,523;4,150
956,813;4,199
957,103;4,102
957,392;4,126
957,682;4,175
957,972;4,102
958,261;4,150
958,550;4,077
958,840;4,126
959,129;4,150
959,418;4,199
959,707;4,102
959,996;4,199
960,285;4,102
960,574;4,150
960,863;4,199
961,152;4,126
961,441;4,150
961,730;4,175
962,018;4,199
962,307;4,102
962,596;4,175
962,884;4,199
963,172;4,321
963,461;4,150
963,749;4,102
964,037;4,077
964,326;4,150
964,614;4,150
964,902;4,395
965,190;4,102
965,478;4,175
965,766;4,321
966,054;4,126
966,341;4,346
966,629;4,126
966,917;4,150
967,204;4,102
967,492;4,272
967,779;4,150
968,067;4,175
968,354;4,248
968,641;4,175
968,929;4,199
969,216;4,126
969,503;4,199
969,790;4,053
970,077;4,102
970,364;4,126
970,651;4,102
970,938;4,199
971,225;4,053
971,511;4,175
971,798;4,126
972,084;4,199
972,371;4,102
972,657;4,175
972,944;4,077
973,230;4,126
973,517;4,199
973,803;4,248
974,089;4,199
974,375;4,053
974,661;4,102
974,947;4,175
975,233;4,126
975,519;4,150
975,805;4,126
976,090;4,126
976,376;4,053
976,662;4,175
976,947;4,126
977,233;4,077
977,518;4,102
977,804;4,224
978,089;4,077
978,374;4,126
978,660;4,224
978,945;4,150
979,230;4,053
979,515;4,126
979,800;4,126
980,085;4,126
980,370;4,175
980,654;4,102
980,939;4,028
981,224;4,126
981,508;4,126
981,793;4,175
982,077;4,199
982,362;4,102
982,646;4,150
982,931;4,224
983,215;4,150
983,499;4,150
983,783;4,102
984,067;4,224
984,351;4,126
984,635;4,199
984,919;4,199
985,203;4,199
985,487;4,053
985,770;4,102
986,054;4,175
986,338;4,199
986,621;4,248
986,905;4,199
987,188;4,175
987,471;4,199
987,755;4,053
988,038;4,346
988,321;4,150
988,604;4,175
988,887;4,150
989,170;4,102
989,453;4,150
989,736;4,224
990,019;4,102
990,301;4,199
990,584;4,199
990,867;4,077
991,149;4,224
991,432;4,224
991,714;4,077
991,997;4,175
992,279;4,102
992,561;4,150
992,843;4,175
993,126;4,077
993,408;4,272
993,690;4,053
993,972;4,053
994,254;4,199
994,535;4,175
994,817;4,053
995,099;4,126
995,381;4,150
995,662;4,150
995,944;4,102
996,225;4,150
996,507;4,150
996,788;4,053
997,069;4,077
997,350;4,199
997,632;4,150
997,913;4,077
998,194;4,077
998,475;4,053
998,756;4,321
999,037;4,175
999,317;4,102
999,598;4,102
999,879;4,102
1000,159;4,126
1000,440;4,175
1000,720;4,053
1001,001;4,126
1001,281;4,126
1001,562;4,126
1001,842;4,272
1002,122;4,150
1002,402;4,028
1002,682;4,150
1002,962;4,077
1003,242;4,150
1003,522;4,126
1003,802;4,199
1004,082;4,150
1004,361;4,150
1004,641;4,077
1004,921;4,102
1005,200;4,077
1005,480;4,028
1005,759;4,224
1006,038;4,175
1006,318;4,199
1006,597;4,150
1006,876;4,102
1007,155;4,224
1007,434;4,224
1007,713;4,126
1007,992;4,077
1008,271;4,175
1008,550;4,126
1008,829;4,199
1009,107;4,102
1009,386;4,053
1009,664;4,248
1009,943;4,175
1010,221;4,175
1010,500;4,297
1010,778;4,102
1011,056;4,248
1011,334;4,175
1011,613;4,199
1011,891;4,102
1012,169;4,126
1012,447;4,199
1012,724;4,175
1013,002;4,102
1013,280;4,102
1013,558;4,150
1013,835;4,004
1014,113;4,028
1014,390;4,053
1014,668;4,102
1014,945;4,102
1015,223;4,175
1015,500;4,224
1015,777;4,126
1016,054;4,102
1016,331;4,224
1016,608;4,175
1016,885;4,175
1017,162;4,199
1017,439;4,102
1017,716;4,102
1017,992;4,175
1018,269;4,126
1018,546;4,248
1018,822;4,224
1019,099;4,150
